Supplier_id,Supplier_name,Supplier_street,Supplier_city,Supplier_country,Supplier_postcode,Supplier_phoneno,supplier_email,Category
SUP170232323,Stone Inc,462 Arnold Camp,Katelynberg,Gambia,5021,431-513-4651,hansenanthony@example.net,Books
SUP170122223,Wilson Inc,870 Marcia Run,Douglasfort,Denmark,32821,146-880-7578,odiaz@example.com,Footwear
SUP256273530,"Santiago, Nguyen and Smith",1831 Miller Knolls Suite 133,Lopezberg,New Zealand,32410,688-323-2395,scole@example.net,Clothing
SUP160985008,Miller PLC,9157 Drake Plains,East Barbara,Tonga,93180,723-332-0306,singletoncheryl@example.org,Toys
SUP155467998,Brady Inc,41212 Patel Flats,North Brendaland,Chad,98359,833-128-6842,amanda56@example.com,Books
SUP136665271,Patrick PLC,38753 Dean Ville Suite 635,Port Timothy,Trinidad and Tobago,59046,610-702-0943,stevenmann@example.org,Books
SUP488169079,Gomez-Pierce,86755 Erin Viaduct,Thompsonland,Taiwan,84567,746-355-2424,ihenry@example.com,Clothing
SUP330356313,Gallagher-Nelson,7079 Lance Track Apt. 075,Castillostad,Romania,6841,671-697-6912,marksantos@example.org,Clothing
SUP359315989,Weaver and Sons,252 Vasquez Key,New Stephanieport,Bangladesh,23293,646-637-4353,kacosta@example.com,Toys
SUP293268870,Curry Inc,64060 Chase Glen,Ginaburgh,Sudan,35876,939-231-3883,washingtonshelby@example.net,Footwear
SUP191864249,Mills-Lewis,17618 Kent Course Suite 951,Pacemouth,Burkina Faso,54661,129-306-3836,xward@example.org,Toys
SUP159432385,Cruz-Williams,79181 William Avenue Suite 589,Tuckermouth,New Zealand,65167,844-932-4597,nmunoz@example.com,Clothing
SUP198078780,"Sanders, Mitchell and Ball",687 Gordon Alley Suite 647,North Tammyland,Moldova,51088,813-603-8752,mooredavid@example.net,Toys
SUP226905544,Smith-Norris,070 Marie Union Suite 326,Shirleybury,Bulgaria,62213,762-948-5800,jodi61@example.net,Clothing
SUP303365953,"Obrien, Wright and Thomas",73309 Shelly Bypass Apt. 669,Jasonview,Israel,76611,498-864-8440,clarkalicia@example.org,Books
SUP711474158,"Smith, Ayala and Hernandez",211 Hughes Junctions,New Frank,Zambia,7219,534-806-9316,bowmanjames@example.net,Toys
SUP183296109,Thompson-Allen,56137 Jacob Club Apt. 011,Port Gerald,Somalia,36997,206-636-2403,abigail81@example.net,Electronics
SUP120465025,"Mclaughlin, Bauer and Paul",693 Denise Dale Suite 403,Josephchester,Serbia,77427,276-130-3914,pgreen@example.net,Books
SUP247151522,"Martinez, Mcbride and Hamilton",267 Reese Highway,Sanchezbury,Burkina Faso,40131,399-691-9185,salasthomas@example.org,Electronics
SUP322365865,Smith-Harris,81831 Jessica Bypass Suite 858,Nicolehaven,Kenya,58198,436-782-4289,amartin@example.net,Clothing
SUP260909455,Ray-Fisher,9107 Farley Lodge,South William,Grenada,99203,673-416-3403,jacksonashley@example.com,Electronics
SUP283355172,Evans-Irwin,4609 Jade Ways Suite 858,Rodriguezberg,Malta,69007,901-338-3211,russell92@example.org,Footwear
SUP131406229,"Fisher, Smith and Miller",4522 John Gateway,Brittneyland,Serbia,87772,918-653-9647,michelle46@example.org,Clothing
SUP251586871,Lopez-Valenzuela,85300 Mayo Light Apt. 103,Christopherville,Brunei Darussalam,36613,802-587-5662,jcasey@example.net,Electronics
SUP159407557,Estrada LLC,29281 Larson Junction Suite 206,Lake George,Antarctica (the territory South of 60 deg S),13298,421-111-9681,robertlane@example.com,Clothing
SUP113427036,Moore-Wilson,0240 Watson Crossroad,Johnside,Mali,60929,358-766-6937,ayoung@example.net,Footwear
SUP133509984,Richardson-Andrews,28999 Crystal Street,Huffmanton,Serbia,82368,263-141-8192,smithtracy@example.org,Electronics
SUP270987025,"Ramos, Hunter and Reyes",94549 Javier Ways,South Stephenfort,Uganda,91760,930-492-0720,jade59@example.com,Electronics
SUP131299122,"Thomas, Mcdowell and Pham",08152 King Glen,East Tylerburgh,Vietnam,61294,391-156-8387,tina91@example.com,Books
SUP260054113,Wilson-Williams,119 Jose Vista Suite 330,Kevinshire,Sri Lanka,79314,596-443-5108,chentodd@example.com,Electronics
SUP132254606,Young-Hernandez,123 Ashley Drive Apt. 067,Sheaborough,Honduras,41232,798-557-0175,sarahlee@example.org,Electronics
SUP463149069,"Lin, Thomas and Knight",77905 Green Summit Suite 773,Port Shellymouth,Pakistan,84762,883-412-5764,hayesmonica@example.net,Clothing
SUP151971428,Smith-Cook,08564 Fox Spur,New Whitney,Congo,25578,358-257-8092,zbyrd@example.com,Footwear
SUP320400027,"Wood, Wade and Buck",842 Price Isle,Clarenceland,Congo,16447,366-685-4805,nwilliams@example.com,Toys
SUP182315671,Burnett and Sons,772 Spencer Bridge,Lake Reneeport,Niue,16758,904-142-6538,ylopez@example.net,Footwear
SUP828561200,Brown-Cole,745 Dennis Freeway,Camposfurt,South Georgia and the South Sandwich Islands,88536,417-893-5805,christopher98@example.net,Footwear
SUP185486546,Reynolds-Baxter,282 Scott Ranch Suite 464,West Lynn,Kenya,66766,242-857-0823,cwilliams@example.com,Electronics
SUP112426010,"Meyers, Thomas and Thomas",4136 Walker Spring,Jeffreyville,Singapore,93391,551-338-7458,benjamin24@example.net,Toys
SUP248372052,Arroyo Group,9560 Kimberly Square Apt. 292,Lake Jessicafurt,Guernsey,88390,389-568-9237,ypatel@example.net,Toys
SUP131798677,Savage PLC,773 Mccarty Unions Suite 109,Port Joshuaville,Macao,39126,852-354-0846,markwoodward@example.org,Footwear
SUP294192046,"Baldwin, Cain and Smith",116 Angela Overpass,Choitown,Senegal,32380,740-144-7164,padams@example.org,Clothing
SUP443090128,"Hernandez, Steele and Meyer",7078 Terrell Forge,Longville,Falkland Islands (Malvinas),24420,344-527-5885,jessica98@example.org,Toys
SUP242348575,"Wilson, Gardner and Neal",9166 Leon Square Suite 664,West Bryanshire,Madagascar,17230,348-883-4997,hancockjohn@example.org,Toys
SUP155078486,Silva Ltd,6948 Brian Loaf Apt. 545,Mitchellview,Tokelau,86079,149-921-5645,khicks@example.com,Footwear
SUP251725474,Brown Group,4635 Victoria Ridge,Justinville,Saint Kitts and Nevis,19188,297-329-4137,paynemario@example.net,Books
SUP258163777,"Adams, Rodriguez and Morse",474 Samantha Fall,Rodriguezview,Saint Kitts and Nevis,88464,803-753-6258,sean91@example.net,Toys
SUP226432649,Burke-Webb,41852 Charles Manor Apt. 411,Andersonland,Congo,64254,316-316-9381,pennygray@example.net,Footwear
SUP265977472,Martinez-Lee,825 Wright Neck,Mahoneyview,Spain,13831,452-617-1061,lisa92@example.org,Books
SUP588129541,"Turner, Francis and Le",4304 Reeves Walk Suite 742,Williamshire,French Southern Territories,7542,934-692-9636,yharrison@example.org,Footwear
SUP200579943,Thompson-Navarro,59427 Gary Spring Apt. 559,Vaughanhaven,Kenya,91861,501-357-3378,dennisisaac@example.org,Footwear
SUP512101375,"Rogers, Wise and Smith",2398 Samuel Shores,Priscillastad,Japan,4941,805-886-4501,cwilliamson@example.com,Clothing
SUP241058304,Terry-Olson,427 Brown Lodge,Brockburgh,Slovenia,1231,195-575-7999,mtapia@example.com,Electronics
SUP135710883,"Gray, Melton and Murphy",524 Hall Expressway,Kristiview,Micronesia,77960,388-368-3064,monicataylor@example.com,Books
SUP117295279,Buck-Johnson,5554 Ewing Estate,West Charlesmouth,Albania,79401,711-762-0651,nmoss@example.net,Electronics
SUP261309764,Stewart Group,0614 Andrew Mill,Heathershire,Bolivia,14172,348-855-2729,yoneal@example.net,Books
SUP267200255,Campbell LLC,624 Sherri Crossroad Apt. 119,East Emily,Lithuania,93182,543-838-8161,toniconway@example.net,Books
SUP195739214,"Arnold, Blackwell and Rivera",13140 William Shores Apt. 683,North Robert,Reunion,55039,488-139-4431,daltonjoe@example.org,Toys
SUP272155500,Simpson Group,13363 Morrison Port,Ericside,Antigua and Barbuda,95205,109-974-4429,jonesjeffery@example.net,Clothing
SUP135411427,"Evans, Barnes and Parker",314 Morales Port,Lake Joyce,India,32968,598-316-5940,derrick64@example.com,Clothing
SUP679090552,Neal-Wood,058 Harvey Oval,Gomezburgh,Korea,6269,845-205-2830,davidfernandez@example.org,Footwear
SUP287888056,Sanchez-Weiss,605 Watson Rest Suite 671,Donaldchester,Tunisia,48587,759-692-4352,spencermelanie@example.org,Electronics
SUP581298570,Davis Ltd,2146 Gallegos Mount,Danielleside,Ireland,46854,856-647-4563,tharris@example.net,Footwear
SUP316833253,"Jones, Schmidt and Davis",3978 Barnett Field Apt. 362,Josephmouth,Wallis and Futuna,92304,747-197-2006,stephanielopez@example.org,Clothing
SUP576154144,Williams-Ward,06195 Mendez Estate,East David,North Macedonia,75181,570-425-8557,aporter@example.org,Footwear
SUP156300936,"Anderson, Williams and Jones",641 Nicholas Port Suite 101,East Peterton,Lebanon,3896,638-547-4034,mgarcia@example.com,Clothing
SUP262728222,Farmer-Mcguire,7129 Bethany Parks,West Lauratown,Albania,95627,815-116-1167,molly25@example.org,Clothing
SUP224698208,"Brooks, Maxwell and Williams",689 Brittney Union Suite 960,Ericburgh,Azerbaijan,56959,546-488-6632,oliviajohnson@example.net,Books
SUP170774484,"Hatfield, Medina and Alvarez",64804 Mandy Expressway Apt. 155,Matthewchester,South Georgia and the South Sandwich Islands,36924,376-887-6700,tatejose@example.com,Footwear
SUP305385506,Montgomery PLC,2097 Janet Falls Apt. 637,West Davidside,Belgium,50217,239-619-4371,colleen38@example.com,Books
SUP232333075,"Williams, Roberts and Williams",1368 Baker Centers,Padillaberg,Antigua and Barbuda,98221,899-566-8544,buchanandonald@example.com,Footwear
SUP154356472,"Palmer, Jackson and Wilson",6785 Charles Lane,North Elizabethchester,Suriname,25949,853-326-4738,rtaylor@example.net,Clothing
SUP125198230,"Jones, Shaffer and Saunders",5736 Lara Route Suite 732,Lake Hunter,Monaco,34609,744-978-7243,mreyes@example.net,Clothing
SUP249760074,Lucas-Jones,41601 Tanya Drives Suite 679,Jamesburgh,Ethiopia,11450,760-986-5945,fharrison@example.net,Toys
SUP144153284,Whitehead Group,50949 Matthew Trace Apt. 357,New Nicholashaven,Algeria,71422,373-464-4250,bestjason@example.com,Books
SUP926577248,Mitchell-Hayes,922 Brad Summit Apt. 393,Port Jeff,Malta,10573,307-528-8286,pamela88@example.net,Electronics
SUP892567108,Rodriguez-Gomez,7354 David Gateway,East Davidton,Dominican Republic,50880,436-322-8866,lcarroll@example.net,Footwear
SUP275620523,Bowers-Ellis,2917 Julie Trafficway,North Davidview,Niue,84358,171-961-0544,crystallynch@example.org,Electronics
SUP246839810,"Roy, Wright and Wilkerson",5947 Boyd Falls,South Jessicaland,Romania,17327,446-936-0893,jmiller@example.com,Toys
SUP325358843,Stephens Inc,9410 Amanda Mountain Suite 727,West Richard,Sweden,76579,348-673-5157,garciamary@example.com,Clothing
SUP221499522,Taylor-Butler,16828 Meredith Cove Suite 100,South Tammychester,Tuvalu,38475,793-706-2706,fbuchanan@example.com,Books
SUP284008125,Clark-Peterson,67589 Church Junction Suite 989,Lake Jodifurt,Rwanda,1337,663-685-8556,cookpatrick@example.net,Electronics
SUP820077324,Quinn-Hansen,5726 Sylvia Curve Apt. 756,Williamsborough,Guadeloupe,19716,265-929-0359,ryan30@example.com,Books
SUP656913471,Yates-Clay,81075 Michael Plaza Apt. 853,Hughesburgh,Norway,84754,373-790-2116,zunigagary@example.org,Clothing
SUP228032136,"Hill, Stewart and Watts",60590 Peters Square Suite 381,Troyland,Libyan Arab Jamahiriya,81139,366-427-8326,bethany41@example.net,Books
SUP264619357,Mendoza-Foster,6759 Mary Passage Apt. 641,Doyletown,Norfolk Island,15294,455-821-6389,dalton73@example.com,Books
SUP289814149,"Smith, Mcintyre and Gilbert",58586 Mary Summit,Hunthaven,Finland,31903,848-887-5070,john35@example.org,Footwear
SUP112214886,Moran Inc,245 Osborne Rue,Gabrielland,El Salvador,94351,474-875-8818,hvaldez@example.net,Electronics
SUP204457471,Edwards-Craig,13116 Robinson Extension Suite 411,East Marcusmouth,Niger,80161,999-102-3258,kimberly42@example.net,Toys
SUP107618171,Barker-Willis,66837 Nicole Neck,New Meganbury,Cook Islands,36259,324-631-2174,imiller@example.com,Books
SUP214873042,"White, Branch and Bentley",6701 Barnes Fields Suite 790,Davidburgh,Kyrgyz Republic,75135,222-627-6235,stacy38@example.net,Books
SUP232115291,Lopez LLC,8887 Pugh Drive,North Danielton,Australia,85461,359-383-5884,wendy42@example.org,Toys
SUP198135621,Burch PLC,65462 Shane Creek Apt. 720,Louisberg,Kenya,90155,183-757-6026,greerdavid@example.org,Electronics
SUP290964838,Fisher and Sons,7709 Jeffrey Forest Apt. 903,Lake Robert,Malawi,71158,461-279-5218,jessicahernandez@example.org,Clothing
SUP283070800,"Clark, Harris and Norris",2195 Kenneth Tunnel Suite 920,Kellyside,Morocco,30444,702-765-0821,kellymiller@example.org,Footwear
SUP207257196,Murphy PLC,6148 Nelson Ridges,West Jamiestad,Belarus,15915,356-945-6205,nathanwillis@example.net,Toys
SUP179344382,Hill-Johnson,8398 Aaron Station,Fullerhaven,United States Virgin Islands,24474,318-447-4299,melindamaynard@example.com,Books
SUP212326627,Pitts-Stephens,7660 Shane Lodge,New Lisamouth,Burkina Faso,42566,583-347-0734,michaeljones@example.com,Clothing
SUP209531516,Fowler-Adams,5474 King Falls Suite 176,Aliborough,Monaco,66405,176-989-3073,cruzjoseph@example.org,Footwear
SUP141435801,Price-Goodman,3829 Robinson Common,Nancyfort,British Virgin Islands,37519,353-993-9176,blakemichael@example.com,Toys
SUP163462750,Benitez PLC,095 Kerri Springs Suite 287,Lake Patriciafort,Niger,15280,294-849-6090,william47@example.com,Books
SUP714146417,Proctor Ltd,6880 Harrison Road,West Kathleen,Sudan,50356,146-514-0656,sarahgraham@example.org,Electronics
SUP218950278,"Kramer, Sutton and Grimes",04416 Carrie Inlet Suite 076,Martinborough,United States Minor Outlying Islands,48052,295-446-9378,xburns@example.com,Toys
SUP132315598,Erickson and Sons,22115 Joy Via,West Leeberg,Sweden,16720,280-636-7851,joshua78@example.net,Books
SUP334406849,Fowler-Rose,3675 Powell Drives Apt. 464,East Ericport,Zimbabwe,13328,584-899-6152,diane89@example.org,Clothing
SUP324870003,Lin-Sutton,63862 Sherri Track Apt. 874,Figueroaview,Kenya,35161,130-495-7439,davidperez@example.org,Toys
SUP176933531,Baker Inc,430 Carter Shore Apt. 766,Longburgh,Turks and Caicos Islands,4362,192-118-1080,nicholsnathan@example.com,Footwear
SUP198955567,"Watson, Stephens and Ruiz",10905 Robertson Camp Apt. 125,Alexanderchester,Bahamas,87201,650-973-0521,melissarichardson@example.com,Electronics
SUP241830593,Hogan PLC,944 Dakota Valley,North Emilyton,Jordan,47157,920-410-4559,amandaanderson@example.com,Toys
SUP164456819,"Barnes, Cox and Harper",948 Eric Terrace Suite 521,Kimberlyborough,American Samoa,27083,599-368-1376,ronaldwilliams@example.com,Toys
SUP203120380,Woods and Sons,0322 Dawn Haven Suite 266,South Tammyview,Nepal,86353,327-898-5151,meyermary@example.com,Electronics
SUP191089540,"Martinez, Owens and Edwards",80306 Christopher Hill,Gabrielstad,Anguilla,2655,225-836-5717,wmorgan@example.org,Clothing
SUP229604884,Beasley Group,42825 Harris Keys Suite 540,Lake Darleneshire,Bulgaria,12996,105-128-2987,wgrimes@example.net,Footwear
SUP840587209,Reilly-Wolfe,587 Eric Shoal,West Jacob,Suriname,66826,399-641-5282,davidsolis@example.com,Books
SUP216261676,Holder-Adams,64413 Anne Tunnel Apt. 268,New Jamesbury,Lesotho,60479,872-742-0605,elizabethsutton@example.org,Clothing
SUP206423067,Knox and Sons,6444 Ayala Flat,Rebeccabury,Martinique,33201,345-727-2091,bkelly@example.org,Books
SUP166618280,Peterson LLC,2612 Finley Brook,Lake Jackton,Kazakhstan,3583,191-327-3076,davisnorma@example.net,Footwear
SUP985993581,Cruz-Wyatt,60305 Jennifer Underpass,Clarkmouth,Saint Vincent and the Grenadines,50318,162-449-7374,john18@example.net,Clothing
SUP338902121,Aguilar-Peterson,44224 Clark Run,East Johnview,Palau,85032,304-187-2565,kfritz@example.net,Toys
SUP142524398,Thomas Inc,922 Harrison Drive Apt. 644,East James,Albania,4095,985-346-3322,maria28@example.net,Clothing
SUP173547559,Bailey-West,51217 Bradford Inlet,East Brandihaven,Paraguay,19212,648-396-9843,larry84@example.com,Books
SUP274260887,Acosta-Mejia,8434 Ortiz Ways Suite 845,North Bryan,Tunisia,49030,401-694-0611,sarahmorales@example.org,Toys
SUP313562672,Proctor-Hines,604 Johnson Way,Port Melissa,Congo,60392,928-185-1003,tbailey@example.org,Electronics
SUP188795951,Wall Group,784 Jackson Locks,Seanmouth,Senegal,729,804-938-0186,amarshall@example.org,Clothing
SUP224448032,"Moody, Maxwell and Palmer",57181 David Spur Suite 526,Lambland,Lebanon,54738,811-522-0236,caleb06@example.com,Clothing
SUP584400435,Gonzalez PLC,243 Meyer Junctions Apt. 059,New Markshire,Tajikistan,67580,776-131-0318,stephensmisty@example.com,Toys
SUP132825464,"Ramsey, Rogers and Walker",158 Stephens Terrace,New Ashley,Nigeria,5511,785-306-9802,richardcoleman@example.net,Clothing
SUP121271196,Fernandez-Brewer,51485 Hannah Underpass Apt. 042,South Steventon,United States Virgin Islands,34035,463-933-8530,robertrichardson@example.org,Toys
SUP159126633,"Smith, Brown and White",00759 Stacie Pass Suite 587,Danielside,Bhutan,85069,314-587-4705,christine46@example.com,Electronics
SUP391286527,Lewis-Miller,571 Megan Groves Apt. 698,Leemouth,Guyana,46261,421-418-1986,loganchandler@example.com,Clothing
SUP609867193,Daniels-Johnson,803 Miller Drive Apt. 393,North Laura,United Arab Emirates,32572,161-310-3098,kerrandrew@example.net,Books
SUP273189001,Benson PLC,866 Price Gardens,North Nancyland,Liechtenstein,46454,877-521-6279,rossjoshua@example.org,Clothing
SUP222889906,Cantu-Schmidt,6383 Torres Radial Suite 420,Lake Whitney,Lao People's Democratic Republic,1489,228-768-1414,rebeccamatthews@example.org,Toys
SUP122284583,"Myers, Smith and Gamble",5550 Kevin Glens Apt. 634,Jodystad,Moldova,9326,142-911-3592,todd86@example.org,Toys
SUP129209784,Molina-Reed,850 Hayes Brooks,East Meganstad,Liechtenstein,48992,928-873-7383,vhernandez@example.org,Books
SUP201639405,Durham-Dominguez,5963 Berger Row Apt. 012,North Rachelmouth,Uruguay,15083,165-251-7970,paynechad@example.org,Books
SUP133404992,Lawson LLC,4136 Hebert Shoal,Mooreburgh,Turks and Caicos Islands,50551,195-681-3291,brewerjason@example.com,Toys
SUP668506718,Miller-Mills,2688 Kelley Ford Suite 876,Lake Amandaborough,Micronesia,66890,254-692-2605,steven47@example.org,Toys
SUP133235870,Castillo PLC,292 Steven Camp Suite 693,Greenfurt,Dominican Republic,29619,926-501-5327,wilsonkevin@example.com,Clothing
SUP169767088,Brown-Oliver,7693 Peterson Island,Jamesborough,Dominican Republic,53519,545-256-7388,melissathomas@example.com,Toys
SUP476888678,Newman Group,5915 Lawrence Green,Hernandezmouth,Montenegro,76357,313-974-1627,davidcarson@example.org,Books
SUP259205684,"Reed, Chen and Murphy",387 John Path,Howardport,Morocco,53195,896-905-3116,umorse@example.org,Clothing
SUP273951622,Bullock and Sons,746 Roger Crest,Christopherville,Finland,59926,418-627-8288,rshaw@example.com,Toys
SUP286527883,Jackson Ltd,46891 Allen Mountain,Alexanderfurt,Oman,94731,919-996-2278,joseph10@example.net,Electronics
SUP218582517,Taylor-Clark,65154 Oconnor Pine Suite 092,North Annette,Niue,56058,323-451-6853,reederic@example.com,Books
SUP129224270,"Robinson, Allen and Abbott",652 Stephens Knoll,Mckeechester,Tuvalu,87226,622-888-4383,joannbrewer@example.net,Electronics
SUP178309329,Allison Group,5685 Lawrence Canyon Suite 734,Williamsview,Syrian Arab Republic,64861,708-579-5667,daniel53@example.com,Clothing
SUP151805265,Barron Inc,9787 Robert Ramp Suite 332,New Kimberlyborough,Estonia,83429,379-724-6581,ramseyjoanne@example.com,Books
SUP243659080,"Gonzalez, Ferguson and Patrick",1967 Clark Street Suite 522,Jenniferview,North Macedonia,6989,558-873-5321,evansjohn@example.com,Clothing
SUP178275560,"Barrera, Smith and Garcia",756 Daniel Fort Apt. 815,Port Zacharyside,Nauru,51760,493-482-2080,meghanbeasley@example.com,Footwear
SUP334920424,Bradley-Neal,8677 Brett Prairie Suite 858,Ashleyfurt,Bolivia,27079,821-999-9558,adampatterson@example.com,Books
SUP335813809,Gutierrez and Sons,791 Robert Inlet Suite 432,Port Kimberlychester,Italy,5243,963-533-1971,harrisonstephanie@example.org,Clothing
SUP689350546,Gates-Butler,65287 Ruben Court Apt. 507,South Ruthshire,Singapore,4236,373-848-2112,cford@example.net,Electronics
SUP142663161,"Jones, Byrd and Smith",113 Anna Springs,South Jesseburgh,Palestinian Territory,96443,423-322-9641,fwilson@example.net,Clothing
SUP265269126,Wilson and Sons,541 Le Trail Apt. 289,East Philip,Sri Lanka,15822,590-752-1927,nathanwilliams@example.com,Toys
SUP227734170,Green-Jones,21183 Samuel Loop,Rebekahside,Myanmar,33987,941-531-2388,lloydsheila@example.com,Toys
SUP337535546,Perez-Kelly,91022 Larson Wall,Jameston,Korea,40780,252-260-5389,cochrankelly@example.com,Electronics
SUP134982297,Flores LLC,982 Anna Lodge Suite 631,South Jasmine,Western Sahara,22018,321-307-7186,jonathangarrett@example.com,Clothing
SUP945668282,Miller-Weaver,0017 Angela Shoals Apt. 695,Ericburgh,Bangladesh,78738,127-407-9115,adam17@example.com,Books
SUP840378313,"Barnett, Kelly and Thomas",99245 Isaac Court,Millerfurt,Solomon Islands,76899,781-306-2215,whitetonya@example.com,Electronics
SUP260762356,Griffin-Brown,4166 Nguyen Port Suite 367,Biancabury,Ghana,26463,958-585-3036,heathermurphy@example.com,Clothing
SUP151690213,Allen-Cohen,88836 David Unions Suite 189,East William,Belize,81610,664-266-7185,ebautista@example.net,Footwear
SUP295630905,"Smith, Patterson and Guzman",597 Blackwell Locks Apt. 910,Mitchellfort,Zimbabwe,90735,512-769-2195,glennanna@example.com,Toys
SUP114427716,"Baker, Johnson and Mejia",193 Jones Path Apt. 311,Jodiview,Bolivia,20387,826-408-6495,xjohnson@example.net,Electronics
SUP423480280,Martin PLC,2771 Susan Land Apt. 710,Lake Cynthiaburgh,New Caledonia,59361,316-906-9545,youngjeffery@example.com,Clothing
SUP760221969,"Lopez, Lopez and Harris",265 Jacobson Squares,Patrickshire,Uganda,14104,610-908-6549,brownrhonda@example.com,Footwear
SUP146303725,Bird-Smith,374 Donovan Brooks,Lake Erichaven,Cyprus,83831,628-305-3933,robert68@example.org,Toys
SUP297518437,Martinez and Sons,9552 Leon Field,Cooleyview,Cook Islands,19180,489-286-2682,jasminemiller@example.net,Footwear
SUP246730485,Guzman-Cook,691 Duke Field Suite 837,West Tammy,Ukraine,24461,789-726-7356,osaunders@example.net,Electronics
SUP293926685,"Scott, Clark and Harris",26745 Parker Shore Apt. 009,Mosesborough,Poland,10341,759-814-7025,scott24@example.net,Clothing
SUP102667751,"Scott, Long and Villa",1043 Collins Squares Suite 186,New Melaniefort,Bouvet Island (Bouvetoya),29614,531-828-6733,elizabethlindsey@example.org,Footwear
SUP938696893,Morton-Warner,89700 Robbins Mall,Allisonbury,Saint Pierre and Miquelon,75606,128-939-1636,ryan27@example.net,Footwear
SUP292038086,Jackson LLC,5985 Marie Gateway Suite 027,Brightview,Taiwan,84945,221-697-6045,munozjason@example.org,Footwear
SUP303200139,"Dunn, Green and Clark",28909 Tracy Brooks,East Christinaberg,Israel,98073,989-521-2856,schwartzmichelle@example.com,Books
SUP695839034,Jenkins-Drake,1639 Sherry Shoals,East Ginamouth,Benin,51429,502-682-1976,gary79@example.org,Footwear
SUP172597346,"Collins, Hansen and Hall",22184 Anthony Prairie Apt. 566,North Sarahfurt,Suriname,60341,804-525-2689,johnsonstephanie@example.net,Clothing
SUP795028826,Gonzalez and Sons,16727 Melissa Ranch Suite 863,Katherinestad,Gibraltar,17533,298-635-7351,johnstark@example.com,Clothing
SUP398474325,"Cain, Richards and Smith",3062 Kimberly Walk Suite 232,North Chad,Equatorial Guinea,18481,300-993-3010,jessica63@example.org,Clothing
SUP158785898,Medina Ltd,448 Gordon Fields Apt. 656,Elizabethburgh,Antarctica (the territory South of 60 deg S),15363,745-808-9909,jeffersontravis@example.org,Toys
SUP487469056,Nicholson-Smith,810 Hinton Avenue Apt. 259,Lake Cameronborough,Georgia,51217,256-781-9237,aadkins@example.net,Footwear
SUP424904370,Cherry Ltd,022 Jessica Plaza Suite 396,Port Brian,Slovenia,31599,243-258-9418,james97@example.org,Electronics
SUP288993955,Burton-Smith,240 Wells Lights,Michaelview,Eritrea,80790,821-351-0160,jcruz@example.com,Toys
SUP157544725,Perry-Morse,82482 Mejia River,New Kristenport,Norway,59481,268-105-3670,ronaldmartinez@example.org,Books
SUP130095879,Paul-Owens,31250 Robertson Branch Apt. 641,Taylorborough,Korea,15481,588-821-5233,ortizjay@example.org,Clothing
SUP100395220,Blackwell-Thompson,0366 Jeffrey Pine,Montgomerychester,United Arab Emirates,3208,216-617-7781,jenniferho@example.com,Books
SUP272769681,"Jones, Hammond and Moss",0028 Elizabeth Ways Suite 260,West Elizabeth,Samoa,86522,149-266-9742,william31@example.net,Toys
SUP853255224,Armstrong and Sons,568 Richard Village,Port Sarahshire,Korea,81026,361-507-0750,bryananderson@example.com,Books
SUP311982157,Lopez and Sons,4052 Tina Isle,Brandonchester,China,44954,819-644-8771,zcooper@example.com,Toys
SUP259593110,Delgado Group,902 Morris Causeway,New Meghan,Niger,74929,476-656-7742,eroberts@example.net,Books
SUP290451107,"Klein, Oconnell and Roman",688 Mosley Bridge Suite 355,East Stevenchester,Egypt,28706,539-507-8297,melissaparker@example.net,Clothing
SUP203374023,"Drake, Powell and Shea",87718 Calhoun Trail,Shaneport,Cote d'Ivoire,61027,625-406-3411,beth82@example.com,Footwear
SUP339148131,Peters-Greene,45151 Vincent Neck Suite 211,Lake Patrickhaven,Sudan,55038,323-334-1439,jennifer50@example.com,Clothing
SUP280438548,Carroll-Nelson,88549 Mason Avenue Apt. 455,Port Anthonyburgh,Korea,48048,763-470-8523,pholt@example.org,Clothing
SUP106937126,Hicks-Gonzales,0381 Monica Plaza,East Lawrence,Russian Federation,91779,236-323-0403,bakerdavid@example.org,Clothing
SUP284017038,"Sanchez, Pena and Walters",369 Kimberly Viaduct Suite 612,Gabriellehaven,China,96487,524-617-3024,kristinabest@example.org,Footwear
SUP261123843,Reed-Smith,2342 Zavala Corners,East Terriport,Ghana,34906,739-809-0485,johnsonjenny@example.com,Clothing
SUP136871057,"Hernandez, Gates and Owens",9960 Douglas Fields Suite 071,Lake Seanshire,Nepal,85393,883-701-8093,lperkins@example.com,Toys
SUP186921538,Mack-Carroll,080 Henry Stravenue,Williamville,Luxembourg,31089,576-151-4235,brandy94@example.org,Books
SUP202756351,"Larsen, Johnson and Smith",6376 Wilkinson Flat,West Caitlyn,Seychelles,90062,374-822-9862,jjones@example.org,Footwear
SUP278639247,"Murray, Griffin and Freeman",252 Flores Land,Jamesburgh,Cape Verde,33884,450-640-8050,edwardwalker@example.com,Electronics
SUP195184466,"Gonzalez, Edwards and Moore",65678 Fowler Cove,Mirandaberg,Ireland,11854,199-354-8772,jcurtis@example.com,Toys
